<?xml version="1.0" encoding="UTF-8"?>
<teamcity-plugin xmlns:xsi="http://www.w3.org/2001/XMLSchema-instance"
                 xsi:noNamespaceSchemaLocation="urn:shemas-jetbrains-com:teamcity-plugin-v1-xml">

  <info>
    <name>hub</name>
    <display-name>JetBrains Hub integration</display-name>
    <version>37250</version> <!-- will be replaced from script -->
    <vendor>
      <name>JetBrains, s.r.o.</name>  <!-- will be replaced from script -->
      <url>http://www.jetbrains.com</url> <!-- will be replaced from script -->
    </vendor>
  </info>

  <deployment use-separate-classloader="true"/>

</teamcity-plugin>
